frame,time,wrist_x,wrist_y,pinch_distance
74,2.466666666666667,0.2458341270685196,0.6423358917236328,0.007519178810124655
78,2.6,0.8976017832756042,0.4624639451503753,0.12686281562945606
79,2.6333333333333333,0.8852314352989197,0.4646539688110351,0.13473191161390866
80,2.6666666666666665,0.8861489295959473,0.4667438268661499,0.13689444331684528
81,2.7,0.8922411799430847,0.4703146517276764,0.13977206546407137
82,2.7333333333333334,0.8921676874160767,0.473161518573761,0.14469273975928332
83,2.7666666666666666,0.8954466581344604,0.4758764803409576,0.1449443758571374
84,2.8,0.8992458581924438,0.4760264158248901,0.14691937251708387
85,2.833333333333333,0.8951383829116821,0.4786066114902496,0.1511451247531419
86,2.8666666666666667,0.8977721333503723,0.4807700216770172,0.1501367308513152
87,2.9,0.903754472732544,0.4815937280654907,0.14794183908962738
88,2.933333333333333,0.9096713662147522,0.4809315800666809,0.14482409372161945
89,2.966666666666667,0.908592700958252,0.4824918806552887,0.14709931998907325
90,3.0,0.9103571176528932,0.4828160405158996,0.14595456576151944
91,3.033333333333333,0.9098396301269532,0.4836308658123016,0.14411124814582268
92,3.066666666666667,0.916008710861206,0.484323501586914,0.14413318059681102
93,3.1,0.9164292216300964,0.4877955913543701,0.1423492379561458
94,3.1333333333333333,0.9175945520401,0.4900549054145813,0.1386150716477496
95,3.1666666666666665,0.9224796295166016,0.4944345653057098,0.13676436445158888
96,3.2,0.93102365732193,0.4981945753097534,0.13276981069443977
97,3.2333333333333334,0.9372298121452332,0.5019944906234741,0.13006212847153567
98,3.2666666666666666,0.9426543712615968,0.4992522001266479,0.12794577175026595
99,3.3,0.9413654208183287,0.4964921176433563,0.13385676543621303
100,3.333333333333333,0.9446547031402588,0.4972750544548034,0.13845658380660691
101,3.3666666666666667,0.9447444081306458,0.4991118907928467,0.1301633023719752
102,3.4,0.9443929195404052,0.5005431175231934,0.12997874292816047
103,3.433333333333333,0.944528579711914,0.502206027507782,0.12948557804065564
104,3.466666666666667,0.9453058242797852,0.5008471608161926,0.13121057543535955
105,3.5,0.9503751397132874,0.5036444664001465,0.12484383944346572
106,3.533333333333333,0.9484144449234008,0.5008883476257324,0.11809783664645611
107,3.566666666666667,0.949031949043274,0.5012928247451782,0.12437286116612704
108,3.6,0.9521355628967284,0.5008125305175781,0.12171554123446243
109,3.633333333333333,0.953422784805298,0.503278374671936,0.11809936733727593
110,3.6666666666666665,0.9546879529953004,0.5040584206581116,0.10146715601847017
111,3.7,0.9543123841285706,0.5021547079086304,0.09313076895762161
112,3.733333333333333,0.954580008983612,0.5039303302764893,0.10005382791848227
113,3.7666666666666666,0.9507617354393004,0.5010701417922974,0.08911605505352002
114,3.8,0.9552319049835204,0.5005140900611877,0.08204758836177437
115,3.8333333333333335,0.9550491571426392,0.4980723559856415,0.0817973309453983
116,3.8666666666666663,0.9575037956237792,0.4985805749893188,0.07136971254018057
117,3.9,0.9577407836914062,0.49930340051651,0.07607047701039173
118,3.933333333333333,0.9551392197608948,0.5010232925415039,0.07371965117842935
119,3.966666666666667,0.9553318619728088,0.5006042122840881,0.07503339291707747
120,4.0,0.9569445848464966,0.4975636005401611,0.06701385308779274
121,4.033333333333333,0.9565064907073976,0.4969694316387176,0.05682081185004874
122,4.066666666666666,0.9553600549697876,0.4940128922462463,0.0690744484259447
123,4.1,0.958647072315216,0.4880472123622894,0.050232104114359195
124,4.133333333333334,0.9573188424110411,0.4894895255565643,0.04450923240440638
125,4.166666666666667,0.9524827003479004,0.4859630465507507,0.05924428560991647
126,4.2,0.951259970664978,0.4781661927700043,0.07077102121512578
127,4.233333333333333,0.9357508420944214,0.4750438928604126,0.07397856578465183
128,4.266666666666667,0.9312095642089844,0.47227942943573,0.052381206174090256
129,4.3,0.932829976081848,0.4654455184936523,0.049055951292253895
130,4.333333333333333,0.9186239242553712,0.4695375859737396,0.06718485052675278
131,4.366666666666666,0.9119259119033812,0.4730747938156128,0.07211552511505998
132,4.4,0.9004267454147339,0.4803669154644012,0.07302526041310924
133,4.433333333333334,0.9121474623680116,0.4772694706916809,0.07010877479851507
134,4.466666666666667,0.8961498141288757,0.4659668505191803,0.10110053841347126
143,4.766666666666667,0.2393468916416168,0.6574514508247375,0.014940609026452667
150,5.0,0.2413359582424163,0.6395196914672852,0.011855307934498788
172,5.733333333333333,0.7093298435211182,0.391087919473648,0.049187262990622725
173,5.766666666666667,0.7019551992416382,0.3994167149066925,0.05586150729408405
174,5.8,0.6911817789077759,0.4035293757915497,0.05411063974278506
175,5.833333333333333,0.6834087371826172,0.4059685468673706,0.05516856837755789
176,5.866666666666666,0.674419105052948,0.409728854894638,0.05400592490655497
177,5.9,0.666340708732605,0.4137323200702667,0.05465386832047791
178,5.933333333333334,0.6586797833442688,0.4164122641086578,0.055601650807026844
179,5.966666666666667,0.6486486792564392,0.4202483892440796,0.05105679911625175
180,6.0,0.6428962349891663,0.4228468537330627,0.05157496149965388
181,6.033333333333333,0.6367504000663757,0.4258486032485962,0.04970802971419937
182,6.066666666666666,0.6326799392700195,0.4293901324272156,0.0496734197890435
183,6.1,0.6291523575782776,0.4320083260536194,0.05065218839470625
184,6.133333333333334,0.6247230768203735,0.43610280752182,0.05141922182568027
185,6.166666666666667,0.6215720772743225,0.4388544261455536,0.05045694220866215
186,6.2,0.6148275136947632,0.4405962824821472,0.051418987156011085
187,6.233333333333333,0.6106067299842834,0.4443667829036712,0.05012361727723782
188,6.266666666666667,0.6081198453903198,0.4466466605663299,0.049354594035072565
189,6.3,0.6056048274040222,0.4487181603908539,0.053031407085282686
190,6.333333333333333,0.6059273481369019,0.4513222277164459,0.05400921818992774
191,6.366666666666666,0.603181779384613,0.4521533250808716,0.053021092854369845
192,6.4,0.6040782332420349,0.4544354975223541,0.05136812067512812
193,6.433333333333334,0.6055722832679749,0.4589445292949676,0.05675679211739758
194,6.466666666666667,0.6021531224250793,0.4574954509735107,0.05584683531296506
195,6.5,0.596046507358551,0.4565663039684295,0.06276413189465599
196,6.533333333333333,0.595883309841156,0.4567362368106842,0.06496783780438799
197,6.566666666666666,0.5976794958114624,0.4574621915817261,0.0638692017869391
198,6.6,0.5994069576263428,0.4578896760940552,0.06341250505490603
199,6.633333333333334,0.6019445657730103,0.4591493904590606,0.06708442141726777
200,6.666666666666667,0.6047589778900146,0.4588663876056671,0.06776616850655168
201,6.7,0.5994935035705566,0.4576316773891449,0.06840021111535002
202,6.733333333333333,0.599406361579895,0.4564615786075592,0.06533766036288881
203,6.766666666666667,0.6005837321281433,0.4569717347621918,0.06721029324156196
204,6.8,0.5998684167861938,0.4548811316490173,0.06766519120498182
205,6.833333333333333,0.5989294648170471,0.456979751586914,0.07476638245016949
206,6.866666666666666,0.5960552096366882,0.4548261761665344,0.0721769098700648
207,6.9,0.5923805236816406,0.4546705484390259,0.07055716253426927
208,6.933333333333334,0.5906211137771606,0.4546739757061004,0.07208623575085668
209,6.966666666666667,0.5898431539535522,0.4551579356193542,0.0690403390440319
210,7.0,0.5904154181480408,0.4544505178928375,0.0674344223365071
211,7.033333333333333,0.591526985168457,0.4547382593154907,0.06707506790638465
212,7.066666666666666,0.5921324491500854,0.4555573463439941,0.06724724656973094
213,7.1,0.5949612259864807,0.4556578695774078,0.06750197015739086
214,7.133333333333334,0.5947310328483582,0.4547710716724396,0.06710491303501818
215,7.166666666666667,0.5924632549285889,0.4553189873695373,0.06829742081663381
216,7.2,0.5904796123504639,0.4552332758903503,0.07070524445621051
217,7.233333333333333,0.5887044668197632,0.45479416847229,0.06866036765719387
218,7.266666666666667,0.5889015197753906,0.4547204971313476,0.06425724986250088
219,7.3,0.589898407459259,0.455981969833374,0.0637262581466755
220,7.333333333333333,0.5902606248855591,0.4576842188835144,0.06330350411241299
221,7.366666666666666,0.5953142642974854,0.4592540264129638,0.07036955983190979
222,7.4,0.5993068218231201,0.4589709341526031,0.07632890426270882
223,7.433333333333334,0.5963426828384399,0.4598120450973511,0.071297410542187
224,7.466666666666667,0.594519853591919,0.4581114053726196,0.07204309558144734
225,7.5,0.5917326211929321,0.457692801952362,0.07016264978790132
226,7.533333333333333,0.5901702046394348,0.4586970508098602,0.06728137762778609
227,7.566666666666666,0.5917048454284668,0.4597460627555847,0.06870023203020179
228,7.6,0.5933228731155396,0.4583295285701751,0.06801452715041027
229,7.633333333333334,0.591707706451416,0.4588113725185394,0.06890702467768749
230,7.666666666666667,0.5921130776405334,0.4588169157505035,0.06929053972805621
231,7.7,0.5907024145126343,0.4589163064956665,0.06798162321380433
232,7.733333333333333,0.5896613001823425,0.4599914252758026,0.0679125174033706
233,7.766666666666667,0.5891327857971191,0.460302323102951,0.06735555290721978
234,7.8,0.5892988443374634,0.460827499628067,0.06908210551481023
235,7.833333333333333,0.5901141166687012,0.4603877961635589,0.07055159626690373
236,7.866666666666666,0.5902541875839233,0.4601719081401825,0.0688561037883646
237,7.9,0.5884693264961243,0.4598218202590942,0.06883975973343384
238,7.933333333333334,0.5870871543884277,0.460370659828186,0.06638230563503426
239,7.966666666666667,0.5875663757324219,0.4610201120376587,0.06624843617733944
240,8.0,0.5884150266647339,0.4610423445701599,0.06568715930128433
241,8.033333333333333,0.5902339220046997,0.4607500433921814,0.06339188238291107
242,8.066666666666666,0.5900735259056091,0.4601392745971679,0.060371647190536795
243,8.1,0.5897474884986877,0.4601729214191437,0.059054839687888064
244,8.133333333333333,0.5883892774581909,0.4595576226711273,0.05924012669823428
245,8.166666666666666,0.5871014595031738,0.4595667719841003,0.05944496780458416
246,8.2,0.5870489478111267,0.4594540596008301,0.05722371345385875
247,8.233333333333333,0.5866265296936035,0.4598090648651123,0.05722419622602239
248,8.266666666666667,0.5872694253921509,0.4588856697082519,0.05831271700258889
249,8.3,0.588772177696228,0.4611128866672516,0.05769676083946991
250,8.333333333333334,0.5886147022247314,0.4595710039138794,0.05814662274163466
251,8.366666666666667,0.5920604467391968,0.4605852365493774,0.060531680065522134
252,8.4,0.5912870764732361,0.4597964286804199,0.05979576980364342
253,8.433333333333334,0.5892226099967957,0.4582537710666656,0.061911484069489424
254,8.466666666666667,0.5919960737228394,0.4587631523609161,0.06000943612879562
255,8.5,0.5917626619338989,0.4577647447586059,0.06000571517002677
256,8.533333333333333,0.5919791460037231,0.457000732421875,0.05762677563142198
257,8.566666666666666,0.5943111181259155,0.4574285745620727,0.06030062105220054
258,8.6,0.5946872234344482,0.4564517140388489,0.06150025827614221
259,8.633333333333333,0.5971859097480774,0.4564253091812134,0.05932001184251496
260,8.666666666666666,0.595565915107727,0.4557401537895202,0.06115799489889209
261,8.7,0.5976046323776245,0.4545241594314575,0.06051740984834235
262,8.733333333333333,0.5973846316337585,0.4551813006401062,0.06339212317683818
263,8.766666666666667,0.5967699289321899,0.4547300040721893,0.06249711527306556
264,8.8,0.5989314317703247,0.4554090797901153,0.06069757427802617
265,8.833333333333334,0.6008349657058716,0.4547702968120575,0.06080897665910037
266,8.866666666666667,0.6056364178657532,0.4562869369983673,0.06359679325590534
