frame,time,human_wrist_x,human_wrist_y,pinch_distance,progress,robot_x,robot_y,robot_z
143,4.766666666666667,0.2393468916416168,0.6574514508247375,0.0149406090264526,0.0,0.4354,0.0,0.405
150,5.0,0.2413359582424163,0.6395196914672852,0.0118553079344987,0.5,0.5109,0.05,0.41500000000000004
172,5.733333333333333,0.7093298435211182,0.391087919473648,0.0491872629906227,0.6,0.526,0.06,0.417
173,5.766666666666667,0.7019551992416382,0.3994167149066925,0.055861507294084,0.8,0.5562,0.08000000000000002,0.421
174,5.8,0.6911817789077759,0.4035293757915497,0.054110639742785,1.0,0.5864,0.1,0.425
175,5.833333333333333,0.6834087371826172,0.4059685468673706,0.0551685683775578,1.0,0.5864,0.1,0.425
176,5.866666666666666,0.674419105052948,0.409728854894638,0.0540059249065549,1.0,0.5864,0.1,0.425
177,5.9,0.666340708732605,0.4137323200702667,0.0546538683204779,1.0,0.5864,0.1,0.425
178,5.933333333333334,0.6586797833442688,0.4164122641086578,0.0556016508070268,1.0,0.5864,0.1,0.425
179,5.966666666666667,0.6486486792564392,0.4202483892440796,0.0510567991162517,1.0,0.5864,0.1,0.425
180,6.0,0.6428962349891663,0.4228468537330627,0.0515749614996538,1.0,0.5864,0.1,0.425
181,6.033333333333333,0.6367504000663757,0.4258486032485962,0.0497080297141993,1.0,0.5864,0.1,0.425
182,6.066666666666666,0.6326799392700195,0.4293901324272156,0.0496734197890435,1.0,0.5864,0.1,0.425
183,6.1,0.6291523575782776,0.4320083260536194,0.0506521883947062,1.0,0.5864,0.1,0.425
184,6.133333333333334,0.6247230768203735,0.43610280752182,0.0514192218256802,1.0,0.5864,0.1,0.425
185,6.166666666666667,0.6215720772743225,0.4388544261455536,0.0504569422086621,1.0,0.5864,0.1,0.425
186,6.2,0.6148275136947632,0.4405962824821472,0.051418987156011,1.0,0.5864,0.1,0.425
187,6.233333333333333,0.6106067299842834,0.4443667829036712,0.0501236172772378,1.0,0.5864,0.1,0.425
188,6.266666666666667,0.6081198453903198,0.4466466605663299,0.0493545940350725,1.0,0.5864,0.1,0.425
189,6.3,0.6056048274040222,0.4487181603908539,0.0530314070852826,1.0,0.5864,0.1,0.425
190,6.333333333333333,0.6059273481369019,0.4513222277164459,0.0540092181899277,1.0,0.5864,0.1,0.425
191,6.366666666666666,0.603181779384613,0.4521533250808716,0.0530210928543698,0.9772134898832832,0.5829592369723757,0.09772134898832832,0.42454426979766563
192,6.4,0.6040782332420349,0.4544354975223541,0.0513681206751281,0.9708993944699527,0.5820058085649629,0.09708993944699527,0.42441798788939905
193,6.433333333333334,0.6055722832679749,0.4589445292949676,0.0567567921173975,0.9636242430874409,0.5809072607062036,0.09636242430874409,0.4242724848617488
194,6.466666666666667,0.6021531224250793,0.4574954509735107,0.055846835312965,1.0,0.5864,0.1,0.425
